,2,3,4,5,6,7,8,9,10,11,12,13,14,15,16,17,18,19,20,21,22,23,24,25,26,27,28,29,30,31,32,33,34,35,36,37,38,39,40,41,42,43,44,45,46,47,48,49,50,51,52,53,54,55,56,57,58,59,60,61,62,63,64,65,66,67,68,69,70,71,72,73,74,75,76,77,78,79,80,81,82,83,84,85,86,87,88,89,90,91,92,93,94,95,96,97,98,99,100,101,102,103,104,105,106,107,108,109,110,111,112,113,114,115,116,117,118,119,120,121,122,123,124,125,126,127,128,129,130,131,132,133,134,135,136,137,138,139,140,141,142,143,144,145,146,147,148,149,150,151,152,153,154,155,156,157,158,159,160,161,162,163,164,165,166,167,168,169,170,171,172,173,174,175,176,177,178,179,180,181,182,183,184,185,186,187,188
WT_aa,T,E,Y,K,L,V,V,V,G,A,G,G,V,G,K,S,A,L,T,I,Q,L,I,Q,N,H,F,V,D,E,Y,D,P,T,I,E,D,S,Y,R,K,Q,V,V,I,D,G,E,T,C,L,L,D,I,L,D,T,A,G,Q,E,E,Y,S,A,M,R,D,Q,Y,M,R,T,G,E,G,F,L,C,V,F,A,I,N,N,T,K,S,F,E,D,I,H,H,Y,R,E,Q,I,K,R,V,K,D,S,E,D,V,P,M,V,L,V,G,N,K,C,D,L,P,S,R,T,V,D,T,K,Q,A,Q,D,L,A,R,S,Y,G,I,P,F,I,E,T,S,A,K,T,R,Q,G,V,D,D,A,F,Y,T,L,V,R,E,I,R,K,H,K,E,K,M,S,K,D,G,K,K,K,K,K,K,S,K,T,K,C,V,I,M
A,-0.18301103,-0.04226798,-0.042853087,0.06838122,-0.12585315,-0.032598652,-0.051488172,0.04031373,-0.12824482,,-0.19896224,-0.11840945,-0.11125459,0.73523283,0.4034896,1.6741892,,-0.3129692,0.122618474,-0.35282522,-0.023145022,-0.0451836,,-0.10165753,-0.16758318,-0.23828588,0.6521294,-0.014964043,-0.08207633,-0.06063486,0.52167165,1.3993602,0.028869871,2.3401382,0.06958463,1.8769513,0.81037205,-0.43674615,2.4109645,-0.107639566,-0.022006264,-0.08071859,-0.1315182,-0.19499902,-0.1583966,-0.05319068,0.020098465,-0.06872501,-0.08503766,-0.12098183,-0.21826833,-0.061940357,0.45123434,0.101340786,1.5586048,2.2982643,0.46785825,,2.3647697,-0.1878597,0.18830661,0.08871837,2.1769452,-0.14153965,,1.9025925,0.26056647,0.54315937,-0.15143393,0.82134986,0.6767066,0.004617147,0.16263884,-0.11962443,0.19363147,-0.27655438,1.690528,0.11251633,0.14218274,0.085057214,-0.3141919,,-0.2537279,,-0.06662219,-0.30341685,-0.036974546,-0.27130657,-0.21290475,-0.30209583,-0.046968583,-0.24878709,-0.22351071,-0.43275487,0.26503307,-0.1281635,0.27653807,-0.086072735,0.26434377,-0.3635217,-0.2372934,0.13515912,-0.21215378,-0.0015321592,-0.08458917,-0.10073261,-0.097134255,0.11982038,0.30523595,0.4423035,0.12854472,0.030007767,0.19451931,-0.18580467,-0.28435656,-0.25785768,-0.081590556,-0.3930775,-0.034488007,-0.11095724,-0.04542227,-0.14776094,-0.010274305,-0.07979801,0.05729526,0.12849456,0.22021064,-0.10749725,,0.016668743,0.14309655,0.009094217,,0.1202416,-0.19615601,-0.07456074,-0.014895095,0.107464194,,0.33451426,-0.49803656,-0.17069288,-0.042647604,-0.6727056,,,-0.46584478,-0.0677007,-0.15282728,0.1134271,-0.0753976,-0.023746949,0.01493609,,0.34867355,-0.19553412,-0.23089704,0.19331528,0.016138755,,0.030123947,0.21410254,-0.34459764,-0.14386994,-0.08702555,0.00033034786,-0.01625088,0.03281265,-0.22957768,,0.01584122,-0.090790406,0.027371632,-0.25362033,-0.07036745,-0.15931219,-0.026752733,,-0.25296172,-0.03432923,-0.6040961,-0.17223224,0.17326503,-0.35405704,-0.3276978,-0.5905461,-0.30399865
C,-0.08350598,0.10977149,-0.19514021,0.18370587,-0.07390843,-0.10661806,-0.052241694,-0.2553555,0.01887962,-0.14640413,0.066632375,-0.12613735,0.05902635,0.88341165,0.08224834,0.87005424,-0.004488851,-0.21682817,0.037076537,-0.25893244,0.21539253,-0.060197078,0.16879578,-0.18159647,-0.25437686,-0.22544461,0.43132347,-0.063256845,-0.044776548,-0.1179953,0.60175735,1.290094,0.5145845,2.134894,-0.056011997,1.7580522,0.7995599,-0.45514312,1.7896141,-0.07041158,-0.010116961,-0.0029524707,-0.13364036,-0.091351055,-0.055939533,-0.0818321,0.14641511,0.079251,0.04359491,,-0.13994989,-0.10476158,0.71843505,0.04267077,0.1938509,1.5476798,0.81626695,0.47762614,1.4847752,-0.037738945,0.5047318,0.11437276,1.272699,0.19023803,-0.4454473,1.0733092,0.58839405,0.52326715,0.008377565,0.9425799,0.40695116,0.105664186,-0.091106415,0.23727009,0.084142745,-0.23531833,1.3752617,0.074819505,,-0.08718088,-0.2497927,-0.08712985,-0.22636913,,-0.10674454,0.17287247,0.018999321,-0.4525237,-0.10646473,0.29786718,0.2670238,,-0.36300468,-0.0042624897,0.046539728,-0.6231033,0.15746087,0.238435,0.17587925,-0.33689123,-0.3393781,-0.17920038,-0.16990952,0.101403795,-0.068928964,-0.062183253,-0.056123715,0.031442296,0.37842152,0.16739327,-0.008381581,0.1361788,0.096886195,-0.21859163,-0.2783653,-0.07747985,,0.096071646,-0.069035195,0.030150106,-0.038221076,-0.1799355,-0.04510039,-0.06916532,-0.013618965,-0.10761363,0.016937971,-0.3706547,-0.12805045,-0.047803797,0.13186055,0.06991194,0.012557776,-0.08096108,0.105554275,0.024402557,0.0021899315,-0.034836832,,0.017416669,-0.017620292,,,-0.09792435,,,,-0.5521229,,0.26502106,0.009167805,0.089242935,0.11193741,-0.086081125,0.20630051,-0.085855134,-0.05000649,0.1254237,-0.24208757,,0.27797672,-0.19427747,-0.17249055,0.10692792,0.008774254,0.035767924,0.2101184,0.00945136,0.07417498,,-0.28666303,-0.30458352,0.35696894,0.104983896,-0.056641605,-0.044671252,-0.08006486,,-0.102158755,-0.06765604,0.10720879,0.36429358,-0.01577995,,-0.11387363,-0.43614668,0.02437919
D,-0.3321226,-0.21289441,0.006696401,-0.011678487,0.76886606,0.1846199,0.4732312,0.6739176,0.32700464,0.0015577425,-0.16257572,-0.22925158,-0.07994774,0.8717787,1.2648654,1.42774,0.53854597,-0.29970717,0.14303751,-4.1448802e-05,-0.42581436,0.4278904,-0.17152251,-1.0995401,-0.19154151,-0.48047498,1.3344895,-0.10058909,,-0.14585401,0.92672676,,0.65801144,2.3475914,0.48108125,0.87284344,,0.089471415,2.4887667,-0.0025073385,-0.08410398,-0.18194605,-0.18695335,-0.22334038,-0.4261361,,-0.07931653,-0.0750019,-0.058153763,-0.18742634,-0.359147,0.3566856,,2.2308903,1.4430343,,2.1463554,2.0698156,1.5903668,-0.2621628,0.051383175,0.027281757,1.8565125,0.39959612,0.5054739,1.4532087,1.218974,,-0.8487225,1.404611,2.0813768,0.44462302,-0.34184343,1.8359989,-0.46721587,0.6523151,0.1533552,0.18210842,0.24656612,0.52198905,0.23823473,-0.715723,-0.40624523,0.013801878,-0.32642213,,-0.36817834,,0.143311,-0.008415834,,0.80679667,,-0.1485343,0.86731994,-0.07117702,0.095897384,,1.0662072,0.2217141,-0.09548625,0.33086804,0.3456183,,-0.16379677,-0.062015492,,0.6713341,0.5974137,0.59949136,0.37317446,0.59435225,0.8716601,0.04578293,-0.21745792,-0.2712337,-0.2845331,,-0.5260608,-0.23688318,-0.16589414,-0.25981674,-0.16030444,-0.1239698,,-0.19528462,0.17979006,-0.4605382,-0.16331774,0.099855185,,0.02691664,-0.14336061,-0.23719774,-0.6241036,-0.03351318,0.1548006,0.18995778,,-0.115199246,0.0036866062,-0.032588787,,-0.480673,,,,-0.19706005,,0.13119149,-0.042852245,,,0.42341128,0.56255776,-0.003630728,0.18668243,0.8486198,0.21635792,,0.07667634,0.9162966,-0.35269654,-0.11752853,-0.10144199,-0.03182087,-0.036407072,-0.25688788,-0.08955558,,-0.1519601,,-0.07541487,-0.081199445,-0.20899293,-0.114450715,-0.31464761,,-0.48650402,-0.23523122,-0.45045817,-0.65689933,-0.40205953,-0.49515384,-0.44843164,-0.25031677,-0.2525426
E,-0.4003457,,-0.25742835,-0.32551265,0.96208024,0.3849448,0.14287634,1.2739195,0.2332888,-0.18902797,-0.35104507,-0.25796217,-0.122230135,0.71208644,0.25891525,1.1253992,0.97206694,-0.36889875,0.74149674,-0.22147626,-0.02683299,-0.2663294,-0.098433025,-0.61954755,-0.3049001,-0.3923571,0.98152447,-0.1582032,-0.20315081,,0.49931276,0.17578702,0.22830352,1.5328103,1.1914338,,0.96974766,0.47069392,2.6582787,0.0038795157,-0.1209233,-0.18245493,-0.10316137,-0.20031612,-0.5236403,-0.13377328,-0.066902764,,-0.2357167,-0.2021903,-0.31604582,-0.016668666,-0.015981525,2.0101929,1.2208668,1.7074933,1.2585042,1.2899386,2.7104428,-0.14435312,,,2.0773413,-0.06571721,0.40396288,1.8514378,0.5401712,-0.11960683,-0.40187114,1.5397142,1.3359962,0.34984443,-0.41521928,0.60950166,,1.241732,1.6128514,1.1192383,0.7158005,-0.14288852,0.09353028,-0.4554292,-0.40433705,,-0.20146064,-0.1428349,-0.19364007,,0.16662405,,-0.43311208,0.60002667,-0.12473011,0.09370556,0.84433836,0.09490591,,0.19366036,1.1900909,-0.17235681,-0.0678728,-0.0942926,0.57421887,0.0023276727,-0.013036253,,-0.0067403573,0.6352752,0.8767009,1.0844997,1.0075017,0.6486007,1.0948081,-0.027662393,-0.3312468,-0.22078164,0.06654602,0.022593178,-0.11320735,-0.1588734,-0.059272654,-0.20246698,-0.10811387,-0.17869139,0.011577902,0.056878764,0.20743161,-0.064388245,-0.06522132,-0.108296715,0.066938005,0.014499164,-0.59884036,-0.033912178,-0.22025196,-0.09582244,-0.13291308,0.0382332,,,,,0.58519393,-0.6402637,,-0.013430919,,0.043797802,-0.013883044,0.024467964,-0.15006977,-0.011292496,-0.10512363,0.0645596,0.54907936,-0.07795972,-0.1339881,1.3350302,-0.13442566,,,,-0.30540603,-0.053318076,0.06578002,-0.06255919,,0.0113788415,-0.3920461,,-0.01566554,0.13421737,-0.12005497,,-0.25465798,-0.06765763,-0.14248677,-0.14532848,0.1171487,-0.20802741,-0.10602604,,-0.074549735,,-0.48113623,0.0069486066,-0.5211813
F,-0.09009947,0.16362807,-0.124157466,0.5646191,0.04731026,0.27441803,0.41917875,0.9073746,0.34418637,-0.2402895,0.0118493205,-0.2290893,-0.20438205,0.79628074,0.8689179,1.8207724,1.9375688,-0.080276765,1.8781874,-0.12766509,0.0716515,-0.11395654,1.0043042e-05,0.6739507,0.041040365,-0.11502766,,0.061897293,-0.08145416,-0.48005855,0.6754379,0.9094393,0.064532794,1.2614027,0.35638013,1.9783175,2.104352,0.6718974,0.31409293,-0.18515888,0.01749083,-0.11922214,0.052993555,-0.05975614,-0.057998456,-0.2002108,0.13404463,0.15654254,-0.08674829,-0.04435011,-0.15812446,-0.1256522,0.8027184,0.24924015,1.8452603,2.1280863,2.5121474,2.2908328,2.3631234,0.541618,0.55437833,0.32992858,-0.041773316,0.08133318,0.03426189,0.53423893,1.6546603,0.8043323,0.62629026,0.3507374,0.9373859,0.0200017,0.16705002,0.3626365,0.0913124,0.14408897,,0.3339406,-0.52489066,0.05930195,,0.52523804,-0.13388981,,0.691917,-0.4222666,-0.36577588,,,0.05847105,0.047906306,-0.09840168,-1.244002,-0.07006887,-0.27193424,-0.47713253,0.50946903,0.47015163,0.19012135,0.15705776,0.19755748,-0.2632085,-0.028239036,-0.24090484,-0.0016664901,0.22902098,-0.0012851856,-0.028275982,0.5474509,-0.03459474,0.09183174,-0.11781362,-0.089526355,0.018455578,1.0666957,-0.2079021,-0.091485605,-0.1583404,-0.34243095,-0.05692743,-0.054719556,-0.016112357,-0.008252489,-0.021441624,-0.029364156,-0.39556623,-0.023070065,-0.5831937,-0.22428158,-0.110054135,0.047101248,-0.009989661,0.06954285,0.18953943,0.034171384,0.08353191,-0.09027724,0.16361174,0.76424694,,-0.006423987,,-0.047834504,0.17769662,1.3255874,,,0.070086494,0.034599636,-0.113672055,-0.114161685,0.0642588,0.060706474,-0.34749058,,-0.04208695,-0.1683106,0.32174617,-0.072819136,,0.12447586,0.1449746,-0.17544338,-0.17103879,0.087775946,0.019347096,0.13500357,-0.19165349,-0.15038882,0.07515051,-0.11747767,-0.27000144,0.6663472,-0.04886373,0.1343308,0.29251215,-0.052886117,,,-0.14364474,-0.15275854,0.113769665,0.2874239,0.10375334,-0.15726727,0.007399656,0.06131741
G,-0.10425864,0.10747386,-0.08099876,-0.10363017,0.22708823,0.771749,0.1932099,-0.071264386,,-0.080143474,,,-0.16720855,,0.20750694,1.3143215,-0.0740716,-0.3593094,0.4320682,-0.3260639,0.0020785332,0.07957969,0.18167408,-0.29282254,-0.13237709,-0.22457595,1.1261657,0.11933465,-0.030891906,0.0774156,1.1023705,1.6989756,0.6312173,2.4492724,0.868988,2.4613378,1.5232772,-0.41916808,2.488177,-0.09362498,0.19439499,-0.14029638,-0.16930723,-0.1713538,-0.23670188,-0.08372765,,-0.01895608,-0.024758149,-0.08184613,-0.21625519,-0.1615525,0.392938,0.9708338,1.7368709,2.2395957,1.2357872,0.0069296807,,0.0737696,0.46982923,0.48542637,2.395933,0.16877142,-0.018466434,0.272437,0.7056012,0.2842427,0.19026259,1.4298785,1.1187276,0.44164237,-0.106759965,,0.35865036,,1.1072277,0.9445999,0.13382998,0.17197774,-0.4764831,-0.20413966,-0.33912933,,-0.07312573,0.052946422,0.0035226687,-0.13305399,-0.06777615,0.010191437,0.15743001,0.24539378,-0.25022563,-0.21386248,0.81983703,-0.092780486,0.2722504,0.45449603,0.86557597,0.004662688,0.16898583,0.60479933,0.22182727,-0.22114189,-0.15364969,-0.13643327,0.021997374,0.4682712,0.5457907,1.1375052,1.0292301,0.46275625,1.0095246,,-0.046256483,-0.224151,0.0013969928,0.14307524,-0.25773394,-0.14375916,-0.1450662,-0.20113388,-0.042461887,-0.10393451,-0.048860412,0.093056805,0.19245102,-0.23580824,0.0927904,-0.21035403,0.09398471,0.052043702,0.069641255,-0.08835736,0.013022133,-0.1664307,,0.006174032,0.47981703,0.08324302,0.37450638,-0.21316332,0.27784052,-0.32953367,-0.21228214,,-0.15427497,-0.074299894,-0.107742466,,-0.09006685,0.026333198,0.026048595,-0.16455196,0.95729893,-0.109215476,-0.015177666,0.24084386,-0.022150224,-0.22903837,0.017075842,0.34661698,-0.07374716,-0.16332357,-0.049768336,0.19098997,-0.11271288,-0.08826557,-0.24513176,-0.18641564,-0.13075544,-0.020253038,,-0.29497138,-0.06772,0.008397189,-0.09392052,,-0.2586231,-0.087905206,-0.2594744,-0.2512102,-0.1377186,-0.23640929,-0.049236853,-0.29050484,-0.26582965
H,-0.18636803,0.04159577,-0.034906838,-0.10585025,0.8028239,0.10213419,0.06634508,-0.07819225,0.5487325,-0.096045874,-0.11648023,-0.27906188,-0.35475734,0.22351979,0.44587657,1.5859544,0.22532813,-0.107590735,1.2912964,-0.3501312,0.017208027,-0.165323,0.03748817,0.14525376,-0.075789206,,0.30661348,0.039080072,-0.45632875,0.046384856,-0.071050115,0.9499137,0.38755298,1.7048246,2.2993395,,1.3691992,1.0815309,0.6037175,-0.14649184,-0.13374226,-0.048254106,0.10303649,-0.095476665,-0.18627484,-0.112337075,-0.025275223,-0.2066229,-0.13585168,-0.17742355,-0.23912169,0.21328174,0.43798235,0.25241575,1.6167036,2.2869122,1.7045138,2.2591326,2.6013975,-0.052706003,0.36120933,0.2125409,2.097872,-0.036577985,0.93269867,2.0730312,0.5773606,0.32920358,-0.032545455,1.5945089,1.2544388,-0.08977802,0.27443326,0.07049453,0.13826449,0.81903166,1.0319127,1.016244,-0.0016470782,-0.24324812,-0.08262098,-0.22875436,-0.30023664,,0.28301275,0.05200737,0.08127928,0.4752112,0.026467774,,0.39042783,,,,0.07915851,-0.15910773,0.2318232,-0.014697647,1.196821,0.07349572,-0.3559406,0.21080965,-0.090852246,0.018520908,-0.18373632,0.011195206,-0.12453859,0.753628,0.07358867,0.37581617,1.1514447,0.80888754,0.8359888,-0.016965987,-0.30180073,-0.2529056,-0.20185965,-0.28703994,-0.105382085,-0.19142827,0.0013437015,-0.12330152,-0.038793325,-0.18621105,0.04509818,0.07064829,0.1376289,0.2524955,-0.0074296976,0.07964551,0.095498174,-0.24897996,0.057992615,-0.021991404,-0.2686474,0.054837603,0.16490643,-0.007898915,0.29916257,0.1498982,-0.13366601,,-0.057110094,0.052853122,,,,,0.56031615,-0.32987162,-0.09850295,0.070506,0.11298672,-0.15807593,-0.090425186,-0.06941665,-0.3600472,0.9157053,0.0736831,-0.032938093,-0.0043082098,,-0.27745107,0.03579736,,-0.0644469,-0.16474336,0.07872609,,,-0.17524062,0.06431485,0.46348637,-0.3365675,0.25382683,-0.24181475,-0.1809887,,,-0.04405566,-0.2995211,-0.034537517,,-0.042749222,-0.46001226,-0.12729695,-0.40300763
I,-0.018662624,0.1430401,-0.18177404,1.2325644,-0.18274549,0.046478383,0.010593345,-0.04400104,0.6262753,-0.18020672,0.18951419,0.018439544,-0.17386347,0.6739296,2.0846803,1.3305833,0.21472415,-0.11609195,0.21063758,,-0.024922952,-0.08816069,,-0.33385995,0.40379232,-0.13815035,0.42706236,-0.12942667,0.05454898,-0.114473484,0.687123,1.170425,0.47125506,1.3670284,,0.9404155,1.9120746,0.5255928,1.2864668,-0.024658946,-0.08471499,0.025729578,-0.2531644,-0.028430408,,0.5601248,0.1807225,0.06659205,-0.23724183,-0.22655074,-0.07865899,-0.12193114,1.2618153,,-0.53524154,2.0165687,2.0481489,2.3576531,1.7831907,0.25440726,0.29413697,0.3204995,1.5822815,-0.048610687,0.45542833,-0.11242482,1.3437176,0.512263,1.2600963,1.8338479,0.35872215,0.07811555,-0.006024108,1.0584253,0.0018238297,-0.17801408,0.9786222,-0.00663713,0.13114524,-0.0069863196,-0.25104204,0.5261844,,-0.20130661,0.62078315,-0.14365838,0.023315178,0.62130386,-0.21438509,,,,-0.7992044,0.2987789,-0.4162256,-0.8967985,1.033783,0.45591718,,-0.04778693,0.029112747,-0.16710183,-0.13714054,-0.28337795,-0.20733678,0.028988976,0.16728728,-0.1285394,0.44877562,-0.046070106,0.048564818,0.021471286,-0.056843143,0.0009804367,-0.15436874,-0.33533365,-0.07774584,-0.110931136,-0.055381335,0.0041667675,0.062848,-0.09117027,0.025344543,-0.08268407,0.06579385,-0.22811936,-0.03941578,-0.16893467,-0.17755093,0.075610146,0.1517075,-0.05219748,-0.042575255,-0.26157027,0.052729905,-0.040236555,0.37492266,,,-0.36746132,,0.2783222,,-0.19297552,,,,,,-0.011602537,-0.10706622,0.010704106,0.088990495,0.040552285,0.005026378,-0.21263598,-0.03870929,0.1626834,0.014516082,0.805885,-0.09225975,,-0.27468315,-0.20311472,-0.06916238,0.065532066,-0.013814381,0.014899688,0.3978708,,-0.033765573,-0.043872733,-0.021299623,-0.23252642,0.18071453,0.053154036,-0.13133416,,0.098016664,,-0.19555987,-0.046489406,,-0.26497874,-0.32415465,,0.34189147
K,-0.009346432,-0.11422768,-0.4461558,,0.7311938,-0.16012882,0.2273523,1.7865368,0.88699245,-0.05646998,0.046279874,0.11869651,-0.20387644,0.36704978,,1.2046878,0.14926551,-0.33433366,1.5571194,0.12686087,-0.020965116,0.0077854297,0.023867521,0.17013918,-0.1151902,-0.052406844,1.0095818,0.5122931,-0.14101256,0.25808123,1.4939053,2.0406427,0.71707535,1.9277015,1.9238629,0.8825914,1.860649,0.35221848,2.2517548,-0.08764819,,-0.2064011,0.019851109,-0.17496265,-0.024102043,-0.23658833,-0.020554708,-0.10913499,-0.16282345,-0.13766916,-0.3104158,-0.062450174,0.46676853,1.9465663,0.43382606,1.5789517,1.855426,2.3458192,2.4105115,0.07109144,0.19011715,0.13840286,2.454519,-0.04524958,0.5458109,1.0264198,0.4866547,0.998183,0.45787835,2.4305284,1.2848096,0.014881795,0.87419385,1.1042417,0.4886176,0.9309468,,0.9292495,0.8261966,-0.3276048,0.80309427,-0.0063888477,-0.2643875,,-0.14396387,,,,-0.17677993,0.43532383,0.2790318,0.93400574,-0.33553,-0.032406796,0.8494452,-0.17744465,0.4002706,0.5722498,1.0919942,,-0.7145549,0.5010829,,-0.31770772,-0.37533307,-0.23141803,-0.2193822,0.54918563,0.4432918,0.8193815,0.6837437,0.8342074,1.2473825,0.2360204,1.3842155,,0.061147965,0.06611771,-0.18582135,-0.005450546,0.02151045,-0.096602425,-0.05597647,-0.06844988,-0.12581499,0.16321817,,-0.19278826,-0.05980462,0.07336646,0.012487287,0.082530394,0.5357558,-0.23559955,-0.077951126,-0.034374267,0.28291354,0.24046393,,,0.21778929,,,,,,,0.0744799,0.4084467,0.2961028,-0.2814886,0.08877547,0.06899937,0.07348976,1.7571356,-0.1472552,-0.045471326,0.49846968,-0.09474853,,-0.008929388,,-0.07703763,,-0.17000823,,,,0.036278564,,,-0.2180957,,,,,,,,-0.27265865,,-0.14034723,,-0.37808958,0.29544163,-0.073309526,-0.20036817
L,-0.09572201,-0.016716445,-0.34526512,0.7026103,,0.8221928,-0.04472766,0.12819515,1.3281226,-0.23838592,0.21402924,-0.07310109,-0.0825919,0.37619287,2.1690772,1.2024083,1.5631546,,0.11141274,-0.363614,0.4472105,,-0.09597403,-0.10950168,0.19428161,-0.20118904,0.5095747,-0.14742781,-0.1395734,-0.22719681,0.4585436,1.7409022,0.63821346,2.0695963,-0.11661265,1.7385554,2.103025,-0.21219116,0.99225146,-0.09991069,-0.11125654,-0.025511838,-0.22160865,-0.081269346,-0.18445818,0.058439724,0.101143226,0.30621403,-0.24180445,-0.20382796,,,0.7261584,0.004538564,,2.2219439,3.132609,2.3648891,1.9085652,0.1270953,0.36873633,0.48252472,0.09220814,0.17376953,0.25374675,-0.30607113,1.8183213,1.223315,1.0206186,2.0520957,0.90414995,0.05003843,0.0364801,1.2945065,0.30499363,-0.034213122,0.7499639,,-0.17245243,-0.038849704,-0.10524075,0.1859798,-0.23168886,,0.59865427,,-0.1930578,0.5484866,-0.30670252,,0.075944744,0.09246039,-0.31828767,0.05463762,-0.41385776,-0.6179638,0.5481013,-0.15049133,-0.32173437,-0.16377768,0.02588419,0.091796994,0.14558558,-0.17589125,-0.12035166,-0.100356124,0.04006271,0.23587191,0.43976548,-0.024455981,-0.105556756,,-0.05560373,-0.12630196,-0.33192566,-0.32870495,-0.051332254,-0.19105354,,-0.017235946,-0.010757959,-0.09164521,0.005809968,-0.025384817,-0.017632734,-0.09375893,0.09812195,0.013026624,-0.1402116,0.10322412,0.17857312,,-0.15296584,-0.019479703,-0.13895378,-0.103569515,-0.41770977,-0.32835144,0.7049665,-0.11721267,0.11491267,,,0.19828627,0.27915198,,,0.15683717,0.07093705,-0.19793275,-0.12897731,0.039713338,0.05138789,0.0030430132,0.12334712,-0.14044963,-0.033972,,-0.09692029,-0.07808347,0.056885075,,-0.15065894,-0.15413965,-0.024501638,-0.058812086,0.20979565,0.067652844,0.042341914,0.13767123,0.009068821,-0.31740418,-0.0808731,-0.010183872,-0.17100513,0.26990217,-0.13320959,-0.19264287,0.1015608,-0.3142342,-0.04664763,0.13449544,0.50440395,0.035923872,0.034377992,-0.091543876,0.12525882
M,-0.37115613,-0.2524605,-0.5513005,-0.024887199,-0.05024186,0.14939202,0.11781545,0.08749431,0.8387557,-0.15181254,-0.2156413,-0.048284315,-0.10965032,0.8090118,0.92819935,1.4748262,-0.01618961,-0.31255227,0.25406492,-0.41393378,0.1511544,-0.096688665,-0.12446456,-0.021097438,-0.05692351,-0.42576507,0.20056595,-0.11793752,-0.08535722,-0.27688885,0.6787401,1.3759886,0.23905797,1.834506,0.25732157,1.9454947,2.2660875,-0.023199672,1.1873525,-0.092496164,-0.15653649,-0.19807418,-0.43360946,-0.26532963,-0.25527757,-0.02613,0.011055342,-0.17044468,-0.21990551,-0.16465521,-0.16664149,-0.12001811,0.35823718,0.10507725,0.19259442,2.4279442,2.1010902,2.5442498,2.3737342,0.029862937,0.31887907,0.3300152,0.413134,-0.050185345,0.073978916,,0.35143104,0.7864391,-0.057218924,1.7920241,,-0.20088519,0.024908151,0.5054596,0.028378375,-0.114907324,0.44147173,0.20030019,-0.012493447,-0.19447966,0.0013693325,0.025709186,-0.3566719,,0.32831177,,0.1419573,0.8373947,-0.4718772,-0.1933666,,-0.070585005,0.032092985,0.24760137,,-1.0513965,-0.0021840301,-0.5840508,0.04053339,-0.44026795,-0.1198511,0.14076637,0.27618533,-0.4471653,-0.44242194,-0.31053305,-0.1037755,0.27351707,0.5343265,,-0.049960837,-0.08948578,0.03589067,-0.17675327,-0.4263534,-0.24689673,-0.15655132,-0.18392368,-0.10278885,0.04294687,-0.019153329,-0.13359949,-0.052234605,-0.07147536,-0.047341,0.018897515,0.047124255,0.033310812,-0.15482448,-0.013822384,0.1272433,0.06587917,0.017336328,-0.028072014,-0.051297028,-0.09433183,0.0541558,0.18462166,,,0.2859572,,0.19835453,-0.036597718,,-0.0007078594,0.12483805,0.19277065,-0.018783882,,-0.08792963,0.031299926,0.05396426,-0.26113194,0.037971146,-0.015662765,-0.3055576,-0.20495614,-0.215149,0.20209825,0.08046478,-0.014377353,-0.072044425,0.1969604,-0.09328137,-0.08891511,-0.21136658,0.043980222,,,-0.23335877,0.40976733,,-0.16055171,-0.1284013,-0.120029144,0.04055142,-0.2914741,-0.07989056,0.008883415,0.052388404,-0.13373244,0.31205702,-0.7408927,0.019746942,-0.18434244,
N,-0.37710583,-0.2917982,-0.16449496,-0.28066143,0.42325437,0.24304548,0.12403172,0.18887423,0.019518537,0.10266102,-0.37377262,-0.1389053,-0.05963487,0.4202728,0.23772158,2.713807,-0.29248062,-0.47023246,0.040291194,-0.48983562,-0.10123094,-0.24813592,-0.03833011,-0.46078405,,-0.10704861,1.0950421,-0.022432158,-0.061514158,0.102793045,0.76552254,0.8553845,1.0472332,1.8532574,1.5732574,1.4108248,0.69161385,0.024768133,2.1028636,-0.21485738,-0.08337246,-0.18971875,-0.30678442,-0.35175705,-0.1942489,-0.0433121,-0.016062522,-0.19461775,-0.14593801,-0.07036122,-0.36787593,-0.22696954,0.088414565,0.21771097,0.9851712,1.50288,2.4766505,1.0333526,2.3843179,-0.10224203,0.19393945,0.22091754,2.218617,0.36436543,0.11031575,1.6762248,1.1837072,0.3258868,-0.09813539,1.9087297,0.9531658,0.1319685,-0.0043227337,0.1444944,0.32679418,0.70624745,0.017934792,0.6373016,0.3720005,0.112812445,0.04705869,-0.5355476,-0.36532915,,,-0.3306826,-0.097143784,,0.21811394,,-0.057517983,0.37068135,,-0.9084298,,0.18001536,-0.29815236,-0.3742659,0.78583777,-0.03363755,-0.30927557,0.396454,-0.5310747,-0.21275747,-0.077427894,-0.059718184,0.036260765,0.36950964,0.22686729,0.8342304,1.4045093,0.102473624,0.7177683,0.22149935,,-0.21341603,-0.17407082,-0.19885032,-0.3942106,-0.20506708,-0.1722819,-0.25008523,-0.07252724,-0.11741203,-0.04522261,-0.12994549,0.051767986,-0.073895305,-0.07901339,-0.09340103,0.08849237,-0.26949534,0.0037247597,-0.06433354,0.1483,-0.11822619,0.3545188,0.2016372,,-0.1835134,0.14380178,,,-0.19114721,,0.670195,,0.044615004,,-0.06019514,-0.044890963,0.03295746,0.043642398,0.45035583,0.16018498,-0.039737977,0.116269596,0.37916413,-0.001383068,,-0.11707044,0.14918417,-0.10759802,-0.07620437,0.03981316,0.045278218,0.23172586,-0.061097346,-0.39591083,,-0.021031579,-0.13578646,0.0119318105,-0.01996877,-0.039644927,0.118334174,-0.077249005,0.22937681,-0.002968598,,0.39263034,-0.11421707,-0.061703153,0.14627323,0.043027088,-0.11600825,-0.23539582
P,-0.29692546,-0.22167291,-0.38187072,-0.20374659,0.18807189,-0.049954135,0.7792804,0.7366486,0.86333126,0.1404084,0.13012393,-0.38066816,-0.18099315,0.5188396,1.0344771,0.7456449,0.88865924,2.0022666,1.5306872,2.4070466,1.4385586,1.515188,1.9225287,0.30024055,0.12203676,0.5843513,0.8205836,-0.14460811,0.04352932,0.2143657,0.6514485,2.490007,,2.045882,2.0738559,0.5965726,0.7820091,2.2736661,2.4602103,-0.3102363,-0.027096301,-0.065688506,-0.1774629,-0.039081354,-0.20324703,0.09839186,-0.009184045,-0.12211494,-0.1782569,-0.19245866,-0.3700838,0.014644264,0.37878394,1.6904315,2.146041,2.2587986,1.2208215,2.0501041,2.6453438,0.4335091,0.049134992,0.56326306,2.6003685,2.0044618,-0.14644274,0.8170581,1.1322334,0.39821947,0.7201529,0.8634442,1.4847186,0.29453486,0.6057044,0.8325901,0.775216,0.5070333,1.1453915,0.6545482,0.86728585,0.3761746,0.9793537,-0.3055213,-0.47302672,,-0.10161614,0.026919482,-0.53974515,0.429995,,0.49527597,,,0.616656,-0.82806545,0.57809836,0.5885076,-0.13210559,0.7851955,0.7692722,0.85210705,0.7456776,1.3790915,0.51906335,0.022384243,0.19005623,-0.15669441,0.25171468,0.25159076,,0.21513407,0.16157061,0.9752566,0.7351821,0.07846187,0.2573951,0.40243813,-0.2786147,0.018346926,-0.35714388,,-0.008146675,-0.056648497,-0.09052765,-0.08316648,0.040960245,0.12796403,0.14300859,-0.10407058,-0.007837634,-0.13034324,-0.06458714,-0.12695864,-0.10983726,0.15881233,-0.1151852,-0.13503121,,0.039333552,,,0.5943048,,-0.16371913,0.83469784,,,,-0.008711775,-0.5600334,-0.5251109,-0.123509295,0.03850606,0.017262822,0.013523343,0.29356,-0.04892405,0.07427363,0.7421148,0.37234047,,0.26708624,,-0.18951796,0.42634565,0.13362627,0.061901182,-0.21717273,-0.48197502,,,0.07163029,0.09634743,0.08159143,0.06777243,-0.75694203,-0.25900674,-0.06295136,,,-0.33743855,0.16292901,-0.6072138,-0.032062676,-0.17602472,-0.08038466,-0.5383031,-0.37981746
Q,-0.20344634,-0.16613992,-0.17961393,-0.29088315,0.3222542,0.8198026,0.40967137,0.35811633,0.7136525,0.046054922,-0.18246947,-0.14436291,-0.17845023,-0.105645396,0.7473557,0.94625884,-0.16484351,-0.22464558,0.49462095,-0.29172006,,-0.31949848,-0.067211136,,-0.28317505,-0.26983887,0.8776157,-0.1101273,-0.15158764,-0.09618489,0.6572426,1.5239387,0.48782715,2.0119448,1.3170894,0.9935801,0.77018076,0.26211414,2.3768754,0.0028050623,-0.31321985,,-0.2701256,-0.59724694,-0.6519091,-0.11590126,-0.054433543,-0.14436187,-0.33072203,-0.20987102,-0.26509827,-0.04254975,0.38953578,0.8888609,0.8987936,1.9039376,2.4002092,2.2510285,2.2423427,,0.11797277,0.013710976,2.023088,0.015542126,0.06785634,2.179504,0.26483858,0.44313046,,1.809388,0.63285774,0.01117791,0.10665887,0.33648235,0.029190712,0.92721003,1.1753715,1.4515028,0.2115188,0.016897673,0.098663785,-0.2233021,-0.27664888,,-0.18507138,,-0.07603453,0.10295989,-0.7441623,,0.2929139,,-0.38562202,-0.17345461,0.3259716,0.023547115,0.0037928503,,0.87434125,-0.11787803,-0.32477915,0.7286894,-0.19596328,0.12846741,-0.23216915,-0.064674065,-0.18247366,0.45193687,0.56280744,0.5557592,0.63887405,0.21959849,0.33593285,-0.031018738,-0.29893038,-0.25612828,-0.34101853,-0.17069781,0.062125202,-0.08437644,-0.22066419,-0.1710016,-0.108178504,-0.11008062,0.045082238,0.19276966,0.16300896,,-0.007834572,,0.11401116,0.034963243,-0.047965657,0.033548053,-0.21351086,0.023549035,0.42020065,0.29822916,,,,,,,,,,-0.28676915,,0.04424335,-0.20841283,0.0032661739,-0.010086007,-0.18321441,0.52528286,-0.11273209,-0.12501384,0.5767838,-0.2480755,-0.47817996,-0.09806082,,-0.4358714,0.038416084,-0.08593139,0.006774769,,-0.1286719,,,0.07199439,0.24965766,,,0.080757946,-0.39373204,-0.18566829,,-0.0562791,-0.22945786,-0.17229572,-0.37399694,0.023523577,-0.47243485,,-0.044741333,-0.15339245
R,-0.13931796,0.08017514,-0.19104731,-0.15201198,1.5042417,-0.042505085,1.2844622,1.3140634,0.94639575,-0.0517597,0.49672782,0.034615673,-0.28607956,1.4814676,1.448327,1.758958,0.5157902,1.102957,1.7377325,0.05441519,-0.06894758,0.044048954,0.22663781,0.25670108,-0.13040477,0.23368023,0.8329353,0.19423337,-0.12680398,0.1990554,0.67282957,2.0772316,1.1024238,2.413806,2.4972298,2.502633,1.9063623,0.18790008,1.3379216,,-0.045893833,-0.23224916,-0.06646699,-0.09762148,-0.21802634,-0.06550435,-0.039878763,-0.017910037,-0.10850112,-0.07651488,-0.2147057,0.45712784,0.44543326,2.3606439,1.032403,2.2890966,2.61745,2.403264,2.3839226,0.40014222,0.3909914,0.14953236,2.3526294,0.041908324,0.40584534,1.8663344,,0.96224576,1.0234331,2.4342937,1.464219,,0.5261704,0.6575171,0.3608845,0.6645351,1.8410805,1.4431819,1.3003907,1.3929955,1.4412951,0.026175797,-0.12710004,,0.025686802,-0.0698361,-0.16562769,-0.079441726,-0.40650982,-0.3168389,-0.16843821,0.29755226,-0.23080769,-0.15838647,0.115108274,,-0.14607342,0.5021582,0.83401495,-0.036755364,,0.18863626,-0.21819505,0.046949163,-0.2958589,-0.10485658,-0.019971918,0.49972922,0.43249962,0.8561161,1.0460557,1.2242275,0.95552284,0.02907579,0.8448536,-0.13389277,-0.013316849,-0.1756288,-0.17839059,0.016589247,0.06576897,,0.02650076,-0.018578768,0.11880149,0.21761617,0.11672369,-0.028381081,-0.28736854,-0.06901242,0.15760231,-0.06894316,-0.09121201,,0.027144047,-0.14693856,-0.2118269,0.04587055,0.008317983,0.058972407,-0.13850446,0.4368806,0.4177073,-0.3871821,,-0.032597467,,,0.025974499,-0.2250161,-0.23813844,0.12242431,0.039458282,0.61153203,1.439629,-0.16396895,0.04926744,0.6468823,-0.1132556,,0.0072128205,0.13473032,,-0.10163344,-0.04585587,0.05711727,0.07746049,0.091801904,-0.26282918,0.21472688,0.0121505875,-0.16339609,-0.09086200999999999,-0.26587832,0.1796425,-0.009749032,-0.0611839,0.058874916,-0.053932786,-0.18647088,0.080349416,-0.12906025,-0.014981529,-0.16717468,-0.06196484,-0.15342823,-0.1799151
S,-0.14535587,0.11424733,-0.14645638,-0.05620873,0.11034866,-0.043114383,0.16838767,-0.057346184,-0.4281925,-0.104732014,-0.10366465,-0.22938184,-0.025930159,0.64020634,-0.22273368,,0.032201994,-0.30170366,0.010121289,-0.40947258,-0.024325099,-0.22754715,0.2686736,-0.20980078,-0.17663363,-0.22187231,0.7519881,-0.008702697,-0.20022392,0.051324293,0.5788017,1.3756843,0.35244104,0.6874554,0.8995762,2.2245674,0.67102855,,2.3410566,-0.122010976,-0.05883431,-0.20005397,-0.1637138,-0.14407551,-0.28401357,-0.064734064,-0.07213754,-0.14161175,-0.07499762,-0.09631141,-0.30562896,-0.20352091,0.2393002,0.15879653,0.95976704,1.1553694,0.107115455,0.10483547,1.204392,-0.15480314,0.23393783,0.24534781,2.2279959,,0.028113563,1.6703703,0.3611209,0.18376566,0.01681458,1.103954,0.660167,0.10022851,0.020884302,0.28927672,0.24275309,0.20332362,0.753186,1.4429648,0.2525947,-0.086597025,-0.18925847,-0.23742457,-0.24001858,0.06030639,-0.039236873,-0.050600346,-0.32604152,,-0.13057767,-0.2975605,-0.5370709,0.064991795,-0.14108545,-0.24745275,-0.19370504,0.014592701,0.123355664,0.2808052,0.5708147,-0.1286003,0.057681303,0.10568724,-0.065701075,-0.10802698,,-0.12073588,-0.045334518,0.21221305,0.3646638,0.643958,0.8675918,0.37294802,0.6653007,0.009664442,-0.20077132,-0.25672388,-0.04999774,-0.121536665,-0.10263179,-0.11543307,,-0.17536294,-0.0928889,-0.12914144,-0.06102907,-0.053268585,0.06000505,-0.09117865,0.006081559,-0.13296707,0.12312921,0.0678692,-0.040323284,-0.06800781,,-0.20127371,-0.06355716,0.1212865,-0.08458036,0.038172603,-0.24858971,,-0.05284375,,0.056265827,,,-0.0022070918,-0.33286172,-0.21044564,-0.1446753,0.012973755,0.038086306,-0.11821751,0.54896384,-0.120995775,-0.16918297,0.61966115,-0.22675233,-0.28225896,-0.07995198,0.32863858,-0.060154427,-0.084695876,-0.07981812,-0.010734403,-0.114084385,-0.15879905,-0.1403463,,-0.111516126,-0.24485756,0.06792417,0.04882995,-0.21280125,-0.09650059,-0.044670604,,-0.29446203,,0.061853692,-0.013860658,-0.09036061,-0.24990733,-0.14775942,-0.1990997,-0.17699087
T,,0.100227796,0.032905243,0.079438165,0.010267276,0.050610278,-0.043519147,-0.10169853,0.871955,-0.24303064,-0.06275975,0.028904723,-0.092199944,0.9380012,0.45135373,-0.06330185,0.17414919,-0.18442328,,-0.37521374,-0.057270464,-0.31781727,0.025629288,-0.20246534,-0.01574185,-0.28495932,0.6549378,-0.085367635,-0.26021278,-0.06677182,0.6994028,1.6122509,0.18517385,,0.79034734,1.7943506,1.5722322,-0.24002358,2.3294008,-0.11339765,-0.090953045,-0.14423956,-0.16908135,-0.2150866,-0.28409883,-0.060628407,-0.044805575,-0.009015299,,-0.07978644,-0.15426892,0.01385206,0.513589,-0.08422262,-0.080347694,1.6583384,,0.20392017,2.3125534,0.044278674,0.23067947,0.18436323,2.2027202,0.15662283,0.09899058,1.1419766,0.73068637,0.2851013,-0.06227157,1.3016759,0.8094109,0.09999992,,0.50873435,-0.08234396,0.013448529,1.2119862,0.32865107,0.3116105,-0.12297336,-0.38796654,-0.1422384,-0.26125064,,0.050350446,,-0.411834,-0.15051645,0.2924088,-0.3962251,,0.02457041,0.25673237,-0.35801303,0.21375592,-0.2281034,0.2790885,0.2457423,0.44135123,-0.21607223,-0.08694671,-0.2664493,-0.073448725,-0.020118969,-0.2269527,-0.1818354,0.1265982,-0.20818532,0.28206274,0.49354175,0.16188629,0.034343112,0.4939506,-0.090908356,-0.34981284,-0.32687873,-0.12403399,-0.34927434,-0.06539856,-0.12898833,-0.020890318,-0.12612446,,-0.057982553,0.037374496,,0.17124003,-0.11742082,-0.07861529,-0.106069654,0.19414543,-0.12911095,-0.107632995,-0.05499325,0.0072295386,-0.057130784,-0.2144958,0.033246823,0.45941883,0.3383626,0.0005129335,,,-0.51005775,,,,-0.5016978,-0.15003313,0.03062795,-0.074912235,0.030440787,0.041123983,-0.0058834744,0.19082353,-0.16614924,,0.12135329,-0.09048977,-0.28382537,-0.12650436,0.061201822,-0.48331228,-0.32646048,-0.16481277,-0.13383304,,-0.27624908,0.10844933,,-0.3281023,0.01902879,-0.037688084,-0.5007075,-0.23635942,-0.11424885,-0.29079816,,-0.41887638,-0.38288465,,,0.16581665,-0.011617561,-0.49807134,-0.009419339,-0.097801566
V,-0.01951503,0.024946107,-0.21328661,0.51032305,-0.13671733,,,,-0.032472238,-0.14691283,0.13999638,-0.18877608,,1.0349461,2.2320616,1.2148545,0.11490279,-0.08902129,-0.011292703,-0.06709277,0.4394629,0.019899927,0.012053885,-0.21793793,0.24322425,-0.03312731,0.43115392,,-0.024497934,-0.086245954,0.72704864,1.257907,0.7529722,1.5953292,-0.0007308907,0.87526125,1.0261928,-0.15905903,0.946436,-0.085883446,-0.037713464,-0.104951605,,,-0.1882455,0.21124396,0.055694763,-0.008758414,-0.2474684,-0.18099429,-0.13430123,-0.039569568,0.7154618,-0.023943713,0.016434899,1.5274304,0.5554426,2.2366195,2.2524343,0.15528595,0.3204559,0.52235854,1.6088593,0.15736717,-0.03709854,1.0611345,1.7061589,0.8914649,0.552385,1.4459593,0.85539365,0.14081198,-0.11375595,0.5713628,-0.09490302,-0.21894468,1.2405844,0.04873822,0.1537938,,-0.33636227,0.40050054,-0.21728802,,0.309006,-0.11592571,-0.23727804,0.19864668,-0.16812879,-0.3171193,0.0065896423,-0.015120342,0.15761057,-0.08520948,-0.14553058,-0.48638362,0.53900266,0.73250437,0.0911311,-0.09775166,0.025443427,,0.06771343,0.22974655,-0.13127764,-0.07900367,0.009459724,,0.38134143,0.2525432,,-0.061191007,,-0.17393778,-0.5235754,-0.26490763,-0.0357973,0.1162652,-0.17425816,-0.010505108,-0.0045068623,-0.06598561,-0.011510169,,0.011698059,-0.046617184,0.18124282,0.03829671,-0.10718289,-0.09278163,0.13026163,0.030290222,-0.08918062,-0.015579825,-0.0513046,-0.20501828,0.3103819,0.018417012,,-0.19692114,-0.064404696,0.15328647,-0.13536803,0.10375431,0.1328572,,,-0.016904062,0.08628031,-0.21800742,,0.036522772,0.04539022,-0.014588201,0.058603756,-0.26060012,-0.06620855,0.049838636,,-0.19169225,0.21213365,0.10731675,0.0018664304,-0.021464014,-0.11674731,0.04991519,0.03064448,0.2213426,-0.02643402,,-0.115482256,0.22812921,0.049728647,0.15052295,0.011157081,0.22278336,-0.2536098,,-0.48125592,-0.43125495,-0.046148993,0.20706968,-0.24309917,-0.44492286,,-0.10362189,-0.035967987
W,-0.08591506,0.13333158,0.047430657,0.76837236,0.18266901,-0.12685394,0.85210365,1.6656463,0.6147167,-0.036635704,-0.2616825,-0.15782791,-0.04463175,0.83648384,0.77779096,0.56494594,0.94597787,0.24983771,2.2403836,0.23072633,-0.02588741,-0.13738422,0.6296715,1.010689,-0.11120352,-0.092279926,-0.055093218,0.18491015,0.02835735,-0.10379162,-0.03252463,0.4224875,0.11918371,1.5192626,1.612712,2.032353,1.9295771,0.868143,1.4200418,-0.080217026,0.07002709,0.10240397,-0.000382103,-0.008620656,-0.18954313,0.18688278,0.047428787,0.13098533,-0.005216654,-0.14220485,-0.10637584,0.039927926,0.7599352,0.6317641,0.76241475,1.8950914,2.0183222,1.7356771,2.4618058,1.0072496,0.6127977,0.7844086,0.26755777,0.28646386,0.30786672,1.6186068,1.0104201,0.30478513,-0.22005452,0.56251407,1.7455101,0.2962687,-0.1783479,0.48111746,-0.0071487483,0.45918366,0.9314647,0.7751346,0.65671897,0.8401281,0.01879669,0.48634997,-0.2783056,,0.7317368,-0.0007554123,-0.030376013,-0.09322056,-0.3172731,0.47238016,-0.27677712,-0.34635985,-0.18914808,0.4079271,-0.63834465,-0.3342052,0.85842216,0.4939833,0.47871453,0.1425785,0.056849666,-0.020294914,-0.35848275,0.28386843,-0.06368582,0.038527112,0.08440761,0.025981603,0.6509,0.5200741,0.3131417,-0.26414752,0.5466368,-0.13005573,0.97157085,-0.30925304,0.07331694,0.31338564,-0.08829404,0.089775495,0.05512428,0.046846192,0.017157186,-0.050048515,0.011456661,0.10383971,0.17361291,-0.06836964,-0.3167408,0.034729544,0.12962079,-0.19365764,-0.14111699,-0.05649752,0.3519939,-0.19843933,0.36311162,0.1812609,,0.3811224,,,,0.20305885,,0.33873653,,-0.48217875,0.15547189,,-0.35170376,0.13403493,0.074122265,-0.2388816,0.058086205,0.058680303,-0.17961825,0.37860075,-0.018800106,-0.19480279,-0.0017448257,0.10053049,0.03479239,-0.08322067,-0.097831964,-0.01459377,,0.35816696,-0.3828299,0.21985385,0.12945388,-0.16271426,0.5769972,-0.07404835,-0.0028812739,0.09657945,0.10274867,,-0.09538169,0.013433074,0.2713488,0.17660873,0.2298466,0.098690085,-0.19251783,-0.07911495,0.030870039
Y,-0.117872246,0.021320583,,0.88717246,0.08269114,0.29869968,1.3383609,1.2778296,0.656781,-0.12050933,-0.09485232,0.03155497,-0.22330381,0.81119645,0.7593557,1.1000527,1.1447868,0.20544884,1.9573374,-0.20099187,0.3083049,-0.09629809,0.22836824,0.77586645,0.017205745,-0.15941429,0.009812802,0.131922,-0.018891696,-0.5844754,,0.7729059,0.11728592,2.0856414,0.8060856,0.48237568,1.1247227,1.0251958,,-0.11737137,-0.0035371475,0.007831639,-0.06725876,0.010375292,-0.226267,0.14146021,0.007147452,-0.15961862,-0.28195605,-0.17723025,-0.17730117,-0.20235705,0.5112555,0.8828214,1.5199338,2.1952379,2.586656,2.3375514,2.2020788,0.5654221,0.5231917,0.09406172,,0.10679601,1.5432445,1.6201233,1.3982899,0.6695227,-0.55338275,,1.3158959,-0.00014720285,-0.12508646,0.09662118,-0.10666357,0.38612902,0.26615196,0.26081014,0.08887573,0.40200672,-0.12341437,0.23387714,-0.2954954,0.069921315,0.5392535,,0.281862,0.988477,-0.12438632,,-0.32239902,-0.12257819,0.15625009,0.06571943,,-0.30476686,0.5054226,0.15658677,0.6978753,-0.27609158,0.15351722,0.047208015,0.3647479,0.07288556,-0.21311218,0.06522107,0.045716543,0.29909202,0.9008601,0.33985886,-0.14877516,-0.1305119,0.43667346,-0.0003041047,1.2910218,-0.2636631,-0.104029804,-0.1824735,-0.29051298,0.06708455,-0.13128594,-0.07407604,-0.023798205,-0.11101179,-0.073894694,-0.22986689,0.07512643,-0.18931223,-0.2898332,0.20275292,0.17743492,-0.35274285,-0.06973902,-0.25858563,0.01819563,,0.21598192,-0.0027952716,,-0.41129634,0.0042578434,,0.11204879,-0.0040263883,1.1002905,,,-0.20656282,,-0.5214531,-0.21899472,0.04360912,0.13358273,-0.32153633,-0.18522605,,0.06913782,-0.1442252,-0.09321089,0.25519258,-0.12310207,0.8102436,-0.30066627,-0.16250585,0.0951074,0.08102182,0.08104961,-0.6383574,-0.14007545,,-0.24137475,-0.020882979,0.1908076,0.08044925,-0.3030169,-0.022444356,-0.0960909,,,-0.06287717,-0.10451349,-0.33466583,0.8557416,0.27674174,-0.253525,-0.09635539,-0.03859002
