Pos,aa,dist_RAF1,dist_GTP,rsa,region
0,G,9.964,25.482,0.496,other
1,M,13.969,29.262,0.525,other
2,T,14.24,25.942,0.245,other
3,E,5.372,20.969,0.38,other
4,Y,12.992,20.021,0.014,other
5,K,7.072,17.819,0.367,other
6,L,12.608,14.415,0.0,other
7,V,12.237,11.493,0.001,other
8,V,11.466,7.063,0.0,other
9,V,14.918,8.959,0.002,other
10,G,17.393,6.68,0.004,other
11,A,17.157,6.844,0.156,other
12,G,12.881,3.407,0.403,gtp
13,G,12.457,3.608,0.297,gtp
14,V,14.944,3.757,0.002,gtp
15,G,11.39,3.278,0.168,gtp
16,K,12.137,2.658,0.056,gtp
17,S,7.084,2.091,0.246,gtp
18,A,8.599,3.405,0.104,gtp
19,L,11.382,5.808,0.005,other
20,T,6.66,7.382,0.0,other
21,I,3.981,6.921,0.205,interface
22,Q,9.303,7.82,0.053,other
23,L,8.988,11.815,0.039,other
24,I,4.308,12.058,0.205,interface
25,Q,4.263,13.209,0.664,interface
26,N,9.909,13.259,0.712,other
27,H,5.656,9.261,0.496,other
28,F,9.951,3.352,0.315,gtp
29,V,3.948,4.999,0.159,both
30,D,7.819,4.263,0.861,gtp
31,E,2.756,5.9,0.64,interface
32,Y,8.261,3.633,0.698,gtp
33,D,3.085,5.84,0.811,interface
34,P,4.903,3.453,0.502,both
35,T,7.194,2.057,0.122,gtp
36,I,3.886,7.957,0.508,interface
37,E,2.639,9.553,0.484,interface
38,D,2.622,6.455,0.431,interface
39,S,3.818,11.946,0.589,interface
40,Y,3.378,7.663,0.269,interface
41,R,2.949,17.249,0.641,interface
42,K,7.486,16.54,0.349,other
43,Q,7.887,22.301,0.611,other
44,V,12.331,19.733,0.176,other
45,V,15.391,24.606,0.606,other
46,I,15.435,20.295,0.007,other
47,D,21.514,23.801,0.646,other
48,G,20.249,27.927,0.912,other
49,E,16.622,26.326,0.304,other
50,T,12.179,26.499,0.371,other
51,C,12.824,22.724,0.0,other
52,L,5.534,20.596,0.184,other
53,L,9.914,17.095,0.0,other
54,D,6.398,16.345,0.1,other
55,I,8.052,10.432,0.0,other
56,L,7.397,11.448,0.108,other
57,D,7.091,4.046,0.004,gtp
58,T,10.744,6.83,0.011,other
59,A,9.107,5.501,0.019,other
60,G,12.564,3.103,0.141,gtp
61,Q,8.398,4.556,0.346,gtp
62,E,15.309,9.488,0.484,other
63,E,7.58,10.207,0.767,other
64,Y,5.974,7.482,0.377,other
65,S,12.408,10.87,0.232,other
66,A,9.081,14.635,0.714,other
67,M,3.878,10.97,0.282,interface
68,R,10.754,8.934,0.031,other
69,D,12.192,13.177,0.203,other
70,Q,7.254,15.581,0.685,other
71,Y,3.949,10.194,0.125,interface
72,M,13.22,12.138,0.003,other
73,R,12.015,18.461,0.314,other
74,T,8.963,16.408,0.546,other
75,G,12.683,16.952,0.008,other
76,E,11.659,20.214,0.312,other
77,G,17.016,17.347,0.0,other
78,F,15.166,13.84,0.0,other
79,L,14.573,10.706,0.002,other
80,C,20.217,11.657,0.0,other
81,V,16.029,6.386,0.001,other
82,F,20.647,9.673,0.0,other
83,A,17.328,7.468,0.019,other
84,I,20.831,7.74,0.0,other
85,N,18.214,7.471,0.502,other
86,N,18.719,9.118,0.37,other
87,T,25.91,15.72,0.411,other
88,K,22.324,13.099,0.631,other
89,S,19.815,8.793,0.009,other
90,F,24.377,13.41,0.097,other
91,E,26.417,15.919,0.587,other
92,D,21.523,11.826,0.236,other
93,I,22.096,10.888,0.002,other
94,H,26.851,17.351,0.517,other
95,H,18.703,11.654,0.344,other
96,Y,17.033,7.106,0.038,other
97,R,24.027,16.721,0.186,other
98,E,23.683,17.851,0.36,other
99,Q,18.271,13.565,0.161,other
100,I,18.429,14.23,0.002,other
101,K,23.422,20.417,0.315,other
102,R,16.394,15.938,0.589,other
103,V,14.791,16.591,0.187,other
104,K,15.047,18.964,0.286,other
105,D,21.483,24.515,0.956,other
106,S,22.483,24.199,0.349,other
107,E,27.533,25.082,0.726,other
108,D,24.773,25.821,0.605,other
109,V,19.774,19.29,0.166,other
110,P,19.728,20.228,0.088,other
111,M,22.277,15.822,0.049,other
112,V,20.738,14.998,0.0,other
113,L,23.609,13.299,0.001,other
114,V,17.548,8.724,0.0,other
115,G,20.678,8.939,0.0,other
116,N,13.806,3.084,0.018,gtp
117,K,13.531,3.108,0.304,gtp
118,C,20.993,6.868,0.223,other
119,D,16.562,2.772,0.411,gtp
120,L,17.486,3.578,0.351,gtp
121,P,21.203,6.985,0.78,other
122,S,25.417,11.773,0.849,other
123,R,24.547,10.869,0.307,other
124,T,24.491,12.905,0.621,other
125,V,24.521,13.274,0.0,other
126,D,29.969,16.856,0.52,other
127,T,28.628,14.83,0.429,other
128,K,33.46,20.392,0.761,other
129,Q,29.399,17.448,0.374,other
130,A,26.791,14.584,0.0,other
131,Q,29.662,17.7,0.57,other
132,D,33.494,21.846,0.603,other
133,L,27.079,15.939,0.18,other
134,A,27.703,18.307,0.033,other
135,R,33.005,23.134,0.809,other
136,S,31.503,21.386,0.667,other
137,Y,27.665,17.937,0.187,other
138,G,30.835,23.459,0.813,other
139,I,25.202,17.18,0.154,other
140,P,24.918,18.265,0.283,other
141,F,23.946,12.297,0.164,other
142,I,20.062,11.634,0.133,other
143,E,22.631,9.96,0.318,other
144,T,16.827,5.828,0.0,other
145,S,16.409,3.628,0.005,gtp
146,A,11.868,3.662,0.031,gtp
147,K,13.98,3.829,0.609,gtp
148,T,17.871,6.85,0.625,other
149,R,11.352,9.034,0.279,other
150,Q,19.193,8.006,0.496,other
151,G,18.019,9.795,0.252,other
152,V,11.863,7.427,0.002,other
153,D,13.436,13.77,0.325,other
154,D,19.538,13.732,0.468,other
155,A,16.526,11.253,0.004,other
156,F,11.176,10.431,0.001,other
157,Y,15.394,16.989,0.213,other
158,T,21.097,16.919,0.135,other
159,L,16.573,14.936,0.0,other
160,V,15.644,19.251,0.0,other
161,R,21.825,19.557,0.388,other
162,E,22.339,20.764,0.193,other
163,I,16.002,19.477,0.013,other
164,R,18.22,24.836,0.273,other
165,K,24.155,25.294,0.76,other
166,H,19.879,24.999,0.538,other
167,K,14.874,25.93,0.722,other
